MECANIZADO LIGERO GEOMETRÍA,MECANIZADO LIGERO CALIDAD,APLICACIONES GENERALES GEOMETRÍA,APLICACIONES GENERALES CALIDAD,MECANIZADO PESADO GEOMETRÍA,MECANIZADO PESADO CALIDAD
.E..422,SP6519,.E..423,SP6519,.E..41,SP6519
.E..422,SP6519,.E..423,SP6519,.E..41,SP6519
.E..423,SP6519,.E..41,MP91M,…TN,MP91M
.E..423,SP6519,.E..41,MP91M,…TN,MP91M
.E..423,SP6519,.E..41,SP6519,…TN,SP6519
.E..423,SP6519,.E..41,SP6519,…TN,SP6519
.E..422,KCSM40,.E..423,KCSM40,.E..41,KCSM40
.E..422,KCSM40,.E..41,KCSM40,.E..41,KCSM40
.E..423,KCSM40,.E..41,KCSM40,…TN,KCSM40
-,-,-,-,-,-
-,-,-,-,-,-
-,-,-,-,-,-
-,-,-,-,-,-
-,-,-,-,-,-
-,-,-,-,-,-
.E..422,X500,.E..423,X500,.E..41,X500
.E..422,X500,.E..423,X500,.E..41,X500
.E..422,KCSM40,.E..423,KCSM40,.E..41,KCSM40
.E..423,X500,.E..41,X500,…TN,X500
-,-,-,-,-,-
